patient_priority,food_name_en,food_name_hi,category,meal_slots,reference_portion,source_food_name,source_category,calories_per_100g,data_status,nutrition_source,source_note,verified_protein_g_100g,verified_carbs_g_100g,verified_fat_g_100g,verified_fibre_g_100g,verified_sodium_mg_100g
high,Apple,सेब,fruit,"breakfast,snack",1 medium (~182g),Apple,Fruits,52.0,source_value_available,Uploaded Kaggle base dataset,Source row/category: Fruits; duplicate variants in raw dataset: 1,0.3,14,0.2,2.4,1
high,Guava,अमरूद,fruit,"breakfast,snack",1 medium (~100g),Guava,Fruits,68.0,source_value_available_but_variant_check_needed,Uploaded Kaggle base dataset,Source row/category: Fruits; duplicate variants in raw dataset: 2,2.6,14,1,5.4,2
high,Papaya,पपीता,fruit,"breakfast,snack",1 cup (~140g),Papaya,Fruits,43.0,source_value_available,Uploaded Kaggle base dataset,Source row/category: Fruits; duplicate variants in raw dataset: 1,0.5,11,0.3,1.7,8
high,Orange,संतरा,fruit,"breakfast,snack",1 medium (~130g),Orange,Fruits,47.0,source_value_available,Uploaded Kaggle base dataset,Source row/category: Fruits; duplicate variants in raw dataset: 1,0.9,12,0.1,2.4,0
high,Watermelon,तरबूज,fruit,snack,1 cup (~150g),Watermelon,Fruits,30.0,source_value_available_but_variant_check_needed,Uploaded Kaggle base dataset,Source row/category: Fruits; duplicate variants in raw dataset: 3,0.6,8,0.2,0.4,1
high,Pear,नाशपाती,fruit,snack,1 medium (~178g),Pear,Fruits,57.0,source_value_available,Uploaded Kaggle base dataset,Source row/category: Fruits; duplicate variants in raw dataset: 1,0.4,15,0.1,3.1,1
high,Banana,केला,fruit,snack,1 medium (~118g),Banana,Fruits,89.0,source_value_available_but_variant_check_needed,Uploaded Kaggle base dataset,Source row/category: Fruits; duplicate variants in raw dataset: 2,1.1,23,0.3,2.6,1
high,Tomato,टमाटर,salad_vegetable,all_meals,1 medium (~120g),Tomato,Vegetables,18.0,source_value_available,Uploaded Kaggle base dataset,Source row/category: Vegetables; duplicate variants in raw dataset: 1,0.9,3.9,0.2,1.2,5
high,Cucumber,खीरा,salad_vegetable,all_meals,1 medium (~100g),Cucumber,Vegetables,16.0,source_value_available,Uploaded Kaggle base dataset,Source row/category: Vegetables; duplicate variants in raw dataset: 1,0.7,3.6,0.1,0.5,2
high,Carrot,गाजर,salad_vegetable,all_meals,1 medium (~61g),Carrot,Vegetables,41.0,source_value_available,Uploaded Kaggle base dataset,Source row/category: Vegetables; duplicate variants in raw dataset: 1,0.9,10,0.2,2.8,69
high,Onion,प्याज,vegetable,"lunch,dinner",1 medium (~110g),Onion,Vegetables,40.0,source_value_available_but_variant_check_needed,Uploaded Kaggle base dataset,Source row/category: Vegetables; duplicate variants in raw dataset: 2,1.1,9.3,0.1,1.7,4
high,Spinach,पालक,vegetable,"lunch,dinner",1 cup raw (~30g),Spinach,Vegetables,23.0,source_value_available,Uploaded Kaggle base dataset,Source row/category: Vegetables; duplicate variants in raw dataset: 1,2.9,3.6,0.4,2.2,79
high,Cabbage,पत्ता गोभी,vegetable,"lunch,dinner",1 cup (~89g),Cabbage,Vegetables,25.0,source_value_available,Uploaded Kaggle base dataset,Source row/category: Vegetables; duplicate variants in raw dataset: 1,1.3,5.8,0.1,2.5,18
high,Cauliflower,फूल गोभी,vegetable,"lunch,dinner",1 cup (~100g),Cauliflower,Vegetables,25.0,source_value_available,Uploaded Kaggle base dataset,Source row/category: Vegetables; duplicate variants in raw dataset: 1,1.9,5,0.3,2,30
high,Eggplant,बैंगन,vegetable,"lunch,dinner",1 cup (~82g),Eggplant,Vegetables,25.0,source_value_available,Uploaded Kaggle base dataset,Source row/category: Vegetables; duplicate variants in raw dataset: 1,1,6,0.2,3,2
high,Okra,भिंडी,vegetable,"lunch,dinner",1 cup (~100g),Okra,Vegetables,33.0,source_value_available_but_variant_check_needed,Uploaded Kaggle base dataset,Source row/category: Vegetables; duplicate variants in raw dataset: 3,1.9,7.5,0.2,3.2,7
high,Green Beans,फ्रेंच बीन्स,vegetable,"lunch,dinner",1 cup (~125g),Green Beans,Vegetables,31.0,source_value_available_but_variant_check_needed,Uploaded Kaggle base dataset,Source row/category: Vegetables; duplicate variants in raw dataset: 2,1.8,7,0.1,3.4,6
high,Peas,मटर,vegetable,"lunch,dinner",1 cup (~145g),Peas,Vegetables,81.0,source_value_available_but_variant_check_needed,Uploaded Kaggle base dataset,Source row/category: Vegetables; duplicate variants in raw dataset: 3,5.4,14,0.4,5.7,5
high,Potato,आलू,vegetable,"lunch,dinner",1 medium (~150g),Potato,PotatoProducts,77.0,source_value_available_but_variant_check_needed,Uploaded Kaggle base dataset,Source row/category: PotatoProducts; duplicate variants in raw dataset: 2,2,17,0.1,2.2,6
high,Gourd,लौकी,vegetable,"lunch,dinner",100g,Gourd,Vegetables,14.0,source_value_available,Uploaded Kaggle base dataset,Source row/category: Vegetables; duplicate variants in raw dataset: 1,0.6,3.4,0,0.5,2
high,Almonds,बादाम,nuts,"breakfast,snack",5 pieces (~6g),Almonds,Nuts&Seeds,575.0,source_value_available_but_variant_check_needed,Uploaded Kaggle base dataset,Source row/category: Nuts&Seeds; duplicate variants in raw dataset: 2,21,22,50,12.5,1
high,Walnuts,अखरोट,nuts,"breakfast,snack",2 halves (~8g),Walnuts,Nuts&Seeds,654.0,source_value_available_but_variant_check_needed,Uploaded Kaggle base dataset,Source row/category: Nuts&Seeds; duplicate variants in raw dataset: 2,15,14,65,6.7,2
high,Peanuts,मूंगफली,nuts,snack,15g,Peanuts,Legumes,567.0,source_value_available_but_variant_check_needed,Uploaded Kaggle base dataset,Source row/category: Legumes; duplicate variants in raw dataset: 2,26,16,49,8.5,18
high,Chia Seeds,चिया सीड,seeds,morning,10g,Chia Seeds,Nuts&Seeds,486.0,source_value_available,Uploaded Kaggle base dataset,Source row/category: Nuts&Seeds; duplicate variants in raw dataset: 1,17,42,31,34,16
high,Chickpeas,काबुली चना,legume,"breakfast,lunch,dinner",1 katori cooked (~150g),Chickpeas,Legumes,364.0,source_value_available,Uploaded Kaggle base dataset,Source row/category: Legumes; duplicate variants in raw dataset: 1,19,61,6,17,24
high,Black Chickpeas,काला चना,legume,"breakfast,lunch,dinner",1 katori cooked (~150g),Black Chickpeas,Legumes,364.0,source_value_available,Uploaded Kaggle base dataset,Source row/category: Legumes; duplicate variants in raw dataset: 1,19,63,6,12,24
high,Mung Beans,मूंग,legume,"breakfast,lunch,dinner",1 katori cooked (~150g),Mung Beans,Legumes,12.0,source_value_available,Uploaded Kaggle base dataset,Source row/category: Legumes; duplicate variants in raw dataset: 1,3.2,2,0.1,0.8,4
high,Lentils,मसूर/दाल,legume,"lunch,dinner",1 katori cooked (~150g),Lentils,Legumes,353.0,source_value_available,Uploaded Kaggle base dataset,Source row/category: Legumes; duplicate variants in raw dataset: 1,25,60,1,11,6
high,Brown Lentil,भूरी दाल,legume,"lunch,dinner",1 katori cooked (~150g),Brown Lentil,Legumes,353.0,source_value_available,Uploaded Kaggle base dataset,Source row/category: Legumes; duplicate variants in raw dataset: 1,25,60,1,11,6
high,Red Lentils,मसूर दाल,legume,"lunch,dinner",1 katori cooked (~150g),Red Lentils,Legumes,329.0,source_value_available,Uploaded Kaggle base dataset,Source row/category: Legumes; duplicate variants in raw dataset: 1,24,56,1.1,11,6
high,Kidney Beans,राजमा,legume,"lunch,dinner",1 katori cooked (~150g),Kidney Beans,Legumes,337.0,source_value_available,Uploaded Kaggle base dataset,Source row/category: Legumes; duplicate variants in raw dataset: 1,24,60,0.8,25,2
high,Brown Rice,ब्राउन राइस,grain,"lunch,dinner",1 cup cooked (~195g),Brown Rice,CerealProducts,388.0,source_value_available_but_variant_check_needed,Uploaded Kaggle base dataset,Source row/category: CerealProducts; duplicate variants in raw dataset: 2,7.9,77,2.9,3.5,7
high,Puffed Rice,मुरमुरा,grain,snack,1 cup (~14g),Puffed Rice,"Oatmeal,Muesli&Cereals",383.0,source_value_available,Uploaded Kaggle base dataset,"Source row/category: Oatmeal,Muesli&Cereals; duplicate variants in raw dataset: 1",6,87,0.5,1.6,3
high,Whole Grain Wheat,गेहूं,grain,roti,30g dry flour-equivalent*,Whole Grain Wheat,CerealProducts,339.0,source_value_available,Uploaded Kaggle base dataset,Source row/category: CerealProducts; duplicate variants in raw dataset: 1,13,72,2.5,12,2
high,Durum Wheat Semolina,सूजी,grain,breakfast,30g dry,Durum Wheat Semolina,CerealProducts,397.0,source_value_available_but_variant_check_needed,Uploaded Kaggle base dataset,Source row/category: CerealProducts; duplicate variants in raw dataset: 2,12.7,73,1.1,3.9,1
high,Milk,दूध,dairy,"breakfast,bedtime",200ml,Milk,Milk&DairyProducts,61.0,source_value_available_but_variant_check_needed,Uploaded Kaggle base dataset,Source row/category: Milk&DairyProducts; duplicate variants in raw dataset: 2,3.2,5,3.3,0,44
high,Skim Milk,स्किम मिल्क,dairy,"breakfast,bedtime",200ml,Skim Milk,Milk&DairyProducts,35.0,source_value_available,Uploaded Kaggle base dataset,Source row/category: Milk&DairyProducts; duplicate variants in raw dataset: 1,3.4,5,0.1,0,52
high,Low-Fat Yogurt,लो-फैट दही,dairy,"breakfast,lunch,dinner",150g,Low-Fat Yogurt,Yogurt,63.0,source_value_available,Uploaded Kaggle base dataset,Source row/category: Yogurt; duplicate variants in raw dataset: 1,5.3,7,1.6,0,70
high,Plain Yogurt,सादा दही,dairy,"breakfast,lunch,dinner",150g,Plain Yogurt,Milk&DairyProducts,61.0,source_value_available_but_variant_check_needed,Uploaded Kaggle base dataset,Source row/category: Milk&DairyProducts; duplicate variants in raw dataset: 2,3.5,4.7,3.3,0,46
high,Buttermilk,छाछ,dairy,"lunch,evening",200ml,Buttermilk,Milk&DairyProducts,62.0,source_value_available_but_variant_check_needed,Uploaded Kaggle base dataset,Source row/category: Milk&DairyProducts; duplicate variants in raw dataset: 2,3.3,4.9,3.3,0,105
high,Almond Milk,बादाम दूध,dairy,breakfast,200ml,Almond Milk,Milk&DairyProducts,17.0,source_value_available,Uploaded Kaggle base dataset,Source row/category: Milk&DairyProducts; duplicate variants in raw dataset: 1,0.6,0.3,1.1,0.2,67
high,Egg,अंडा,protein,"breakfast,dinner",1 large (~50g),Egg,BakingIngredients,97.0,source_value_available_but_variant_check_needed,Uploaded Kaggle base dataset,Source row/category: BakingIngredients; duplicate variants in raw dataset: 2,13,1.1,11,0,142
high,Chicken Breast,चिकन ब्रेस्ट,protein,"lunch,dinner",100g,Chicken Breast,FastFood,163.0,source_value_available_but_variant_check_needed,Uploaded Kaggle base dataset,Source row/category: FastFood; duplicate variants in raw dataset: 4,31,0,3.6,0,74
high,Extra-Firm Tofu,टोफू,protein,"lunch,dinner",100g,Extra-Firm Tofu,Legumes,91.0,source_value_available,Uploaded Kaggle base dataset,Source row/category: Legumes; duplicate variants in raw dataset: 1,10,2,5,0.3,14
high,Firm Tofu,टोफू,protein,"lunch,dinner",100g,Firm Tofu,Legumes,70.0,source_value_available,Uploaded Kaggle base dataset,Source row/category: Legumes; duplicate variants in raw dataset: 1,8,1.6,4,0.2,12
high,Tofu,टोफू,protein,"lunch,dinner",100g,Tofu,Legumes,76.0,source_value_available,Uploaded Kaggle base dataset,Source row/category: Legumes; duplicate variants in raw dataset: 1,8,1.9,4.8,0.3,7
high,Soybeans,सोयाबीन,protein,"lunch,dinner",100g,Soybeans,Legumes,147.0,source_value_available,Uploaded Kaggle base dataset,Source row/category: Legumes; duplicate variants in raw dataset: 1,13,11,6.8,4.2,1
high,Roasted Soybeans,भुना सोयाबीन,snack,snack,30g,Roasted Soybeans,Legumes,471.0,source_value_available,Uploaded Kaggle base dataset,Source row/category: Legumes; duplicate variants in raw dataset: 1,40,33,22,9,2
high,Coffee,कॉफी,beverage,"morning,evening",1 cup prepared,Coffee,Non-AlcoholicDrinks&Beverages,1.0,source_value_available,Uploaded Kaggle base dataset,Source row/category: Non-AlcoholicDrinks&Beverages; duplicate variants in raw dataset: 1,0.1,0,0,0,2
high,Tea,चाय,beverage,"morning,evening",1 cup prepared,Tea,Non-AlcoholicDrinks&Beverages,1.0,source_value_available,Uploaded Kaggle base dataset,Source row/category: Non-AlcoholicDrinks&Beverages; duplicate variants in raw dataset: 1,0,0.2,0,0,3
high,Wheat Roti,गेहूं की रोटी,indian_preparation,"breakfast,lunch,dinner",1 small / 1 standard / 1 large,Wheat Roti,IndianPrep,260.0,source_value_available,National Institute of Nutrition (India),Cooked flatbread,8,50,2,7,5
high,Moong Dal (cooked),मूंग दाल,indian_preparation,"lunch,dinner",1 katori cooked,Moong Dal,IndianPrep,100.0,source_value_available,National Institute of Nutrition (India),Standard Moong Dal cooked recipe,7,15,2,4,150
high,Toor Dal (cooked),अरहर दाल,indian_preparation,"lunch,dinner",1 katori cooked,Toor Dal,IndianPrep,110.0,source_value_available,National Institute of Nutrition (India),Standard Toor Dal cooked recipe,6,16,3,5,250
high,Chana Dal (cooked),चना दाल,indian_preparation,"lunch,dinner",1 katori cooked,Chana Dal,IndianPrep,120.0,source_value_available,National Institute of Nutrition (India),Standard Chana Dal cooked recipe,7,17,3,6,200
high,Bhindi Sabzi (low oil),भिंडी की सब्जी,indian_preparation,"lunch,dinner",1 katori,Bhindi Sabzi,IndianPrep,65.0,source_value_available,National Institute of Nutrition (India),Low oil bhindi sabzi,2,7,3,3.2,120
high,Lauki Sabzi (low oil),लौकी की सब्जी,indian_preparation,"lunch,dinner",1 katori,Lauki Sabzi,IndianPrep,45.0,source_value_available,National Institute of Nutrition (India),Low oil cooked lauki sabzi,1,5,2,2.5,90
high,Mixed Vegetable (low oil),मिक्स सब्जी,indian_preparation,"lunch,dinner",1 katori,Mixed Vegetable,IndianPrep,75.0,source_value_available,National Institute of Nutrition (India),Cooked mixed vegetables with low oil,2,10,3,3,150
high,"Tea with Milk, No Added Sugar","दूध वाली चाय, बिना चीनी",beverage,"morning,evening",1 cup,Tea with Milk,IndianPrep,25.0,source_value_available,National Institute of Nutrition (India),Tea with milk and no added sugar,1.5,2.2,1,0,20
high,Makhana (roasted),भुना मखाना,snack,evening,20g,Makhana,IndianPrep,350.0,source_value_available,National Institute of Nutrition (India),Dry roasted lotus seeds,9,77,0.5,7,1
high,Plain Khichdi (low oil),सादी खिचड़ी,indian_preparation,dinner,1 katori,Plain Khichdi,IndianPrep,85.0,source_value_available,National Institute of Nutrition (India),Cooked rice and lentil khichdi with low oil,3,16,1,2.5,180
high,Chana Sattu,चना सत्तू,legume,morning,3 tbsp (~30g),Chana Sattu,Legumes,370.0,source_value_available,National Institute of Nutrition (India),Sattu dry powder,20,56,5,10,10
high,Aloo Bhujia,आलू भुजिया,junk_food,snack,30g,Aloo Bhujia,FastFood,580.0,source_value_available,Commercial nutrition info,Deep fried snack,6,42,42,4,700
high,Gatte ki Sabzi,गट्टे की सब्जी,indian_preparation,"lunch,dinner",1 katori (~150g),Gatte ki Sabzi,IndianPrep,115.0,source_value_available,National Institute of Nutrition (India),Gram flour dumplings in curry,7,12,5,3,300
high,Poha,पोहा,indian_preparation,breakfast,1 medium bowl (~150g),Poha,IndianPrep,170.0,source_value_available,National Institute of Nutrition (India),Cooked flattened rice,3,32,3,1.5,150
high,Upma,उपमा,indian_preparation,breakfast,1 medium bowl (~150g),Upma,IndianPrep,150.0,source_value_available,National Institute of Nutrition (India),Cooked semolina prep,4,28,3,1.8,180
high,Idli,इडली,indian_preparation,breakfast,1 piece (~40g),Idli,IndianPrep,110.0,source_value_available,National Institute of Nutrition (India),Steamed rice cakes,2.5,23,0.5,1,120
high,Sambar,सांबर,indian_preparation,"breakfast,lunch,dinner",1 katori (~150g),Sambar,IndianPrep,50.0,source_value_available,National Institute of Nutrition (India),Lentil vegetable soup,2,8,1.5,2,220
high,Coconut Chutney,नारियल की चटनी,indian_preparation,"breakfast,lunch",2 tbsp (~30g),Coconut Chutney,IndianPrep,200.0,source_value_available,National Institute of Nutrition (India),Coconut paste condiment,2,6,18,3.5,150
high,Plain Dosa,सादा डोसा,indian_preparation,"breakfast,dinner",1 piece (~60g),Plain Dosa,IndianPrep,220.0,source_value_available,National Institute of Nutrition (India),Rice crepe plain,3.5,45,2,2,250
high,Masala Dosa,मसाला डोसा,indian_preparation,"breakfast,dinner",1 piece (~150g),Masala Dosa,IndianPrep,200.0,source_value_available,National Institute of Nutrition (India),Rice crepe with potato filling,4,38,3.5,3,350
high,Paneer Bhurji (low oil),पनीर भुर्जी,indian_preparation,"breakfast,lunch,dinner",1 katori (~150g),Paneer Bhurji,IndianPrep,140.0,source_value_available,National Institute of Nutrition (India),Scrambled cottage cheese,12,6,8,1,280
high,Cucumber Raita,खीरे का रायता,dairy,"lunch,dinner",1 katori (~150g),Cucumber Raita,IndianPrep,50.0,source_value_available,National Institute of Nutrition (India),Yogurt with grated cucumber,3,4,2,0.5,90
high,Boondi Raita,बूंदी का रायता,dairy,"lunch,dinner",1 katori (~150g),Boondi Raita,IndianPrep,85.0,source_value_available,National Institute of Nutrition (India),Yogurt with fried chickpea drops,3.5,7,4.5,0.5,150
high,Aloo ki Bhujia (dry sabzi),आलू की भुजिया (सब्जी),indian_preparation,"lunch,dinner",1 katori (~150g),Aloo ki Bhujia,IndianPrep,125.0,source_value_available,National Institute of Nutrition (India),Cooked dry spiced potatoes,2,16,6,2,190
high,Oats Khichdi,ओट्स खिचड़ी,indian_preparation,dinner,1 katori (~200g),Oats Khichdi,IndianPrep,60.0,source_value_available,National Institute of Nutrition (India),Cooked oats with vegetables,2,10,1,2,140
high,Baingan Bharta,बैंगन का भर्ता,indian_preparation,"lunch,dinner",1 katori (~150g),Baingan Bharta,IndianPrep,65.0,source_value_available,National Institute of Nutrition (India),Roasted mashed eggplant prep,1.5,8,3,2.5,130
high,Palak Paneer (low oil),पालक पनीर,indian_preparation,"lunch,dinner",1 katori (~150g),Palak Paneer,IndianPrep,100.0,source_value_available,National Institute of Nutrition (India),Spinach and cottage cheese curry,6,4,6,2.2,210
high,Jeera Rice,जीरा राइस,grain,"lunch,dinner",1 katori (~150g),Jeera Rice,IndianPrep,120.0,source_value_available,National Institute of Nutrition (India),Cooked cumin rice,2,25,1.5,0.8,80
high,Plain Paratha,सादा पराठा,indian_preparation,breakfast,1 piece (~50g),Plain Paratha,IndianPrep,340.0,source_value_available,National Institute of Nutrition (India),Tawa fried flatbread,5,48,14,4.5,180
high,Aloo Paratha,आलू पराठा,indian_preparation,breakfast,1 piece (~100g),Aloo Paratha,IndianPrep,270.0,source_value_available,National Institute of Nutrition (India),Potato stuffed flatbread,4.5,42,9,4,290
high,Puri,पूरी,indian_preparation,breakfast,1 piece (~30g),Puri,IndianPrep,350.0,source_value_available,National Institute of Nutrition (India),Deep fried puffed flatbread,6,46,15,4,120
